Mutation,WT_residue,Position,Mutant_residue,Chain,Rosetta_Cartesian_ddG_REU,Cartesian_ddG_prediction
W59A,W,59,A,A,-1.584,stabilizing_or_stability_compatible
T136G,T,136,G,A,-1.164,stabilizing_or_stability_compatible
E139N,E,139,N,A,-3.100,stabilizing_or_stability_compatible
W168G,W,168,G,A,-1.378,stabilizing_or_stability_compatible
P173E,P,173,E,A,-0.326,stabilizing_or_stability_compatible
W191N,W,191,N,A,-3.706,stabilizing_or_stability_compatible
P192T,P,192,T,A,-2.150,stabilizing_or_stability_compatible
L196Y,L,196,Y,A,-0.480,stabilizing_or_stability_compatible
A203M,A,203,M,A,-3.069,stabilizing_or_stability_compatible
N210P,N,210,P,A,-1.748,stabilizing_or_stability_compatible
S213T,S,213,T,A,-3.513,stabilizing_or_stability_compatible
Y216G,Y,216,G,A,-3.883,stabilizing_or_stability_compatible
N209R,N,209,R,A,-1.748,stabilizing_or_stability_compatible
V188E,V,188,E,A,-5.815,stabilizing_or_stability_compatible
F223D,F,223,D,A,-5.177,stabilizing_or_stability_compatible
T230V,T,230,V,A,-5.177,stabilizing_or_stability_compatible
L239F,L,239,F,A,-0.385,stabilizing_or_stability_compatible
D244E,D,244,E,A,0.139,destabilizing_or_unfavorable
H250P,H,250,P,A,-1.248,stabilizing_or_stability_compatible
A255R,A,255,R,A,-1.228,stabilizing_or_stability_compatible
P272E,P,272,E,A,0.483,destabilizing_or_unfavorable
T306L,T,306,L,A,0.029,destabilizing_or_unfavorable
N311D,N,311,D,A,0.062,destabilizing_or_unfavorable
A336E,A,336,E,A,0.426,destabilizing_or_unfavorable
V94A,V,94,A,A,-1.228,stabilizing_or_stability_compatible
L99I,L,99,I,A,-1.389,stabilizing_or_stability_compatible
L105Y,L,105,Y,A,-1.019,stabilizing_or_stability_compatible
G121D,G,121,D,A,1.174,destabilizing_or_unfavorable
C228T,C,228,T,A,-3.551,stabilizing_or_stability_compatible
