Mutation,WT_residue,Position,Mutant_residue,Chain,FoldX_ddG,FoldX_prediction
W59A,W,59,A,A,-3.770,stabilizing_or_stability_compatible
T136G,T,136,G,A,-0.690,stabilizing_or_stability_compatible
E139N,E,139,N,A,-5.502,stabilizing_or_stability_compatible
W168G,W,168,G,A,-4.426,stabilizing_or_stability_compatible
P173E,P,173,E,A,-2.358,stabilizing_or_stability_compatible
W191N,W,191,N,A,-2.358,stabilizing_or_stability_compatible
P192T,P,192,T,A,-1.893,stabilizing_or_stability_compatible
L196Y,L,196,Y,A,-1.767,stabilizing_or_stability_compatible
A203M,A,203,M,A,-2.288,stabilizing_or_stability_compatible
N210P,N,210,P,A,-1.703,stabilizing_or_stability_compatible
S213T,S,213,T,A,-2.331,stabilizing_or_stability_compatible
Y216G,Y,216,G,A,-2.503,stabilizing_or_stability_compatible
N209R,N,209,R,A,-0.578,stabilizing_or_stability_compatible
V188E,V,188,E,A,-2.197,stabilizing_or_stability_compatible
F223D,F,223,D,A,-3.207,stabilizing_or_stability_compatible
T230V,T,230,V,A,-1.010,stabilizing_or_stability_compatible
L239F,L,239,F,A,-0.339,stabilizing_or_stability_compatible
D244E,D,244,E,A,-0.420,stabilizing_or_stability_compatible
H250P,H,250,P,A,0.318,destabilizing_or_unfavorable
A255R,A,255,R,A,-0.951,stabilizing_or_stability_compatible
P272E,P,272,E,A,-2.331,stabilizing_or_stability_compatible
T306L,T,306,L,A,-2.503,stabilizing_or_stability_compatible
N311D,N,311,D,A,3.192,destabilizing_or_unfavorable
A336E,A,336,E,A,2.428,destabilizing_or_unfavorable
V94A,V,94,A,A,-0.767,stabilizing_or_stability_compatible
L99I,L,99,I,A,-1.073,stabilizing_or_stability_compatible
L105Y,L,105,Y,A,-1.293,stabilizing_or_stability_compatible
G121D,G,121,D,A,0.614,destabilizing_or_unfavorable
C228T,C,228,T,A,-4.197,stabilizing_or_stability_compatible
